Achievement standard aspect ID,Content descriptor code
Prep-AS-4617,AC9EFLA01
Prep-AS-4617,AC9EFLE05
Prep-AS-4617,AC9EFLY02
Prep-AS-4617,AC9EFLY05
Prep-AS-4617,AC9EFLY07
Prep-AS-1020,AC9EFLA04
Prep-AS-1020,AC9EFLA05
Prep-AS-1020,AC9EFLA06
Prep-AS-1020,AC9EFLA07
Prep-AS-1020,AC9EFLE05
Prep-AS-1020,AC9EFLY06
Prep-AS-4505,AC9EFLA09
Prep-AS-4505,AC9EFLY06
Prep-AS-4505,AC9EFLY08
Prep-AS-4505,AC9EFLY12
Prep-AS-4505,AC9EFLY13
Prep-AS-4505,AC9EFLY14
Prep-AS-9779,AC9EFLA03
Prep-AS-9779,AC9EFLA04
Prep-AS-9779,AC9EFLA05
Prep-AS-9779,AC9EFLA06
Prep-AS-9779,AC9EFLA07
Prep-AS-9779,AC9EFLA08
Prep-AS-9779,AC9EFLA09
Prep-AS-9779,AC9EFLE03
Prep-AS-9779,AC9EFLY01
Prep-AS-9779,AC9EFLY03
Prep-AS-3220,AC9EFLE04
Prep-AS-3220,AC9EFLY09
Prep-AS-4930,AC9EFLY11
Prep-AS-4930,AC9EFLY13
Prep-AS-857,AC9EFLY10
Prep-AS-132,AC9EFLY12
Prep-AS-132,AC9EFLY14
Prep-AS-132,AC9EFLY15
Prep-AS-8043,AC9EFLA07
Prep-AS-8043,AC9EFLA08
Prep-AS-8043,AC9EFLE01
Prep-AS-8043,AC9EFLE02
Prep-AS-8043,AC9EFLE03
Prep-AS-8043,AC9EFLY01
Prep-AS-8043,AC9EFLY03
Prep-AS-8043,AC9EFLY04
Prep-AS-8043,AC9EFLY05
Prep-AS-4200,AC9EFLA05
Prep-AS-4200,AC9EFLA06
Prep-AS-4200,AC9EFLA07
Prep-AS-4200,AC9EFLE02
Prep-AS-4200,AC9EFLE05
Prep-AS-4200,AC9EFLY06
Prep-AS-6759,AC9EFLA02
Prep-AS-6759,AC9EFLE01
Prep-AS-6759,AC9EFLE02
Prep-AS-6759,AC9EFLY02
Prep-AS-6759,AC9EFLY07
Prep-AS-6288,AC9EFLA02
Prep-AS-6288,AC9EFLA08
Prep-AS-6288,AC9EFLE04
Prep-AS-6288,AC9EFLY09
Prep-AS-1683,AC9EFLA08
Prep-AS-1683,AC9EFLY06
Year1-AS-1357,AC9E1LE01
Year1-AS-1357,AC9E1LY06
Year1-AS-4833,AC9E1LA01
Year1-AS-4833,AC9E1LE02
Year1-AS-4833,AC9E1LE04
Year1-AS-4833,AC9E1LE05
Year1-AS-4833,AC9E1LY02
Year1-AS-4833,AC9E1LY05
Year1-AS-4833,AC9E1LY07
Year1-AS-2951,AC9E1LY04
Year1-AS-2951,AC9E1LY10
Year1-AS-2951,AC9E1LY11
Year1-AS-2,AC9E1LA05
Year1-AS-2,AC9E1LE03
Year1-AS-2,AC9E1LE05
Year1-AS-2,AC9E1LY06
Year1-AS-721,AC9E1LA03
Year1-AS-721,AC9E1LA04
Year1-AS-721,AC9E1LA05
Year1-AS-721,AC9E1LA06
Year1-AS-721,AC9E1LA07
Year1-AS-721,AC9E1LA08
Year1-AS-721,AC9E1LA09
Year1-AS-721,AC9E1LA10
Year1-AS-721,AC9E1LE01
Year1-AS-721,AC9E1LE03
Year1-AS-721,AC9E1LY01
Year1-AS-721,AC9E1LY03
Year1-AS-4399,AC9E1LY04
Year1-AS-4399,AC9E1LY09
Year1-AS-4399,AC9E1LY10
Year1-AS-4399,AC9E1LY11
Year1-AS-4399,AC9E1LY12
Year1-AS-4399,AC9E1LY14
Year1-AS-9965,AC9E1LA08
Year1-AS-9965,AC9E1LA09
Year1-AS-9965,AC9E1LE01
Year1-AS-9965,AC9E1LE02
Year1-AS-9965,AC9E1LE03
Year1-AS-9965,AC9E1LY03
Year1-AS-9965,AC9E1LY04
Year1-AS-9965,AC9E1LY05
Year1-AS-9042,AC9E1LA03
Year1-AS-9042,AC9E1LE02
Year1-AS-9042,AC9E1LY06
Year1-AS-8445,AC9E1LA02
Year1-AS-8445,AC9E1LA09
Year1-AS-8445,AC9E1LE05
Year1-AS-8445,AC9E1LY07
Year1-AS-8680,AC9E1LA02
Year1-AS-8680,AC9E1LE01
Year1-AS-8680,AC9E1LE02
Year1-AS-8680,AC9E1LE04
Year1-AS-8680,AC9E1LE05
Year1-AS-8680,AC9E1LY02
Year1-AS-8680,AC9E1LY07
Year1-AS-93,AC9E1LY06
Year1-AS-93,AC9E1LY11
Year1-AS-93,AC9E1LY12
Year1-AS-93,AC9E1LY13
Year1-AS-93,AC9E1LY14
Year1-AS-93,AC9E1LY15
Year1-AS-4903,AC9E1LA10
Year1-AS-4903,AC9E1LY04
Year1-AS-5660,AC9E1LA09
Year1-AS-5660,AC9E1LE05
Year1-AS-5660,AC9E1LY06
Year1-AS-6800,AC9E1LA06
Year1-AS-6800,AC9E1LA07
Year1-AS-6800,AC9E1LA10
Year1-AS-6800,AC9E1LY06
Year1-AS-8735,AC9E1LY08
Year2-AS-8822,AC9E2LA01
Year2-AS-8822,AC9E2LE03
Year2-AS-8822,AC9E2LE05
Year2-AS-8822,AC9E2LY02
Year2-AS-8822,AC9E2LY05
Year2-AS-8822,AC9E2LY07
Year2-AS-1132,AC9E2LA02
Year2-AS-1132,AC9E2LA08
Year2-AS-1132,AC9E2LE01
Year2-AS-1132,AC9E2LE02
Year2-AS-1132,AC9E2LE05
Year2-AS-1132,AC9E2LY06
Year2-AS-8841,AC9E2LA03
Year2-AS-8841,AC9E2LA04
Year2-AS-8841,AC9E2LA05
Year2-AS-8841,AC9E2LA06
Year2-AS-8841,AC9E2LA07
Year2-AS-8841,AC9E2LA08
Year2-AS-8841,AC9E2LA10
Year2-AS-8841,AC9E2LE01
Year2-AS-8841,AC9E2LE03
Year2-AS-8841,AC9E2LY01
Year2-AS-8841,AC9E2LY03
Year2-AS-1724,AC9E2LA02
Year2-AS-1724,AC9E2LA03
Year2-AS-1724,AC9E2LA09
Year2-AS-1724,AC9E2LE04
Year2-AS-1724,AC9E2LE05
Year2-AS-1724,AC9E2LY07
Year2-AS-4307,AC9E2LA06
Year2-AS-4307,AC9E2LA07
Year2-AS-4307,AC9E2LA10
Year2-AS-4307,AC9E2LY06
Year2-AS-7457,AC9E2LA05
Year2-AS-7457,AC9E2LA06
Year2-AS-7457,AC9E2LA07
Year2-AS-7457,AC9E2LA08
Year2-AS-7457,AC9E2LE01
Year2-AS-7457,AC9E2LE03
Year2-AS-7457,AC9E2LY01
Year2-AS-7457,AC9E2LY03
Year2-AS-7457,AC9E2LY04
Year2-AS-7457,AC9E2LY05
Year2-AS-9971,AC9E2LA02
Year2-AS-9971,AC9E2LE01
Year2-AS-9971,AC9E2LE02
Year2-AS-9971,AC9E2LE03
Year2-AS-9971,AC9E2LY02
Year2-AS-9971,AC9E2LY07
Year2-AS-4559,AC9E2LY06
Year2-AS-4559,AC9E2LY09
Year2-AS-4559,AC9E2LY10
Year2-AS-4559,AC9E2LY11
Year2-AS-4559,AC9E2LY12
Year2-AS-2591,AC9E2LY04
Year2-AS-2591,AC9E2LY09
Year2-AS-2591,AC9E2LY10
Year2-AS-2591,AC9E2LY11
Year2-AS-2591,AC9E2LY12
Year2-AS-5330,AC9E2LA10
Year2-AS-5330,AC9E2LY04
Year2-AS-6476,AC9E2LA03
Year2-AS-6476,AC9E2LA04
Year2-AS-6476,AC9E2LE05
Year2-AS-6476,AC9E2LY06
Year2-AS-5660,AC9E2LA09
Year2-AS-5660,AC9E2LY06
Year2-AS-2218,AC9E2LY08
Year3-AS-9767,AC9E3LA01
Year3-AS-9767,AC9E3LE02
Year3-AS-9767,AC9E3LE05
Year3-AS-9767,AC9E3LY02
Year3-AS-9767,AC9E3LY05
Year3-AS-9767,AC9E3LY07
Year3-AS-9767,AC9E4LA01
Year3-AS-7849,AC9E3LE02
Year3-AS-7849,AC9E3LE05
Year3-AS-7849,AC9E3LY06
Year3-AS-6612,AC9E3LA09
Year3-AS-6612,AC9E3LE03
Year3-AS-6612,AC9E3LY01
Year3-AS-6612,AC9E3LY03
Year3-AS-4698,AC9E3LA03
Year3-AS-4698,AC9E3LA04
Year3-AS-4698,AC9E3LA05
Year3-AS-4698,AC9E3LY01
Year3-AS-4698,AC9E3LY05
Year3-AS-7796,AC9E3LA02
Year3-AS-7796,AC9E3LA03
Year3-AS-7796,AC9E3LA06
Year3-AS-7796,AC9E3LA07
Year3-AS-7796,AC9E3LA08
Year3-AS-7796,AC9E3LA09
Year3-AS-7796,AC9E3LA10
Year3-AS-7796,AC9E3LA11
Year3-AS-7796,AC9E3LE01
Year3-AS-7796,AC9E3LE03
Year3-AS-7796,AC9E3LE04
Year3-AS-7796,AC9E3LY01
Year3-AS-7796,AC9E3LY03
Year3-AS-77,AC9E3LA03
Year3-AS-77,AC9E3LA04
Year3-AS-77,AC9E3LE05
Year3-AS-77,AC9E3LY07
Year3-AS-7034,AC9E3LA09
Year3-AS-7034,AC9E3LE01
Year3-AS-7034,AC9E3LY05
Year3-AS-1436,AC9E3LY04
Year3-AS-1436,AC9E3LY09
Year3-AS-1436,AC9E3LY10
Year3-AS-1436,AC9EFLY11
Year3-AS-3926,AC9E3LA03
Year3-AS-3926,AC9E3LA04
Year3-AS-3926,AC9E3LA05
Year3-AS-3926,AC9E3LA09
Year3-AS-3926,AC9E3LE01
Year3-AS-3926,AC9E3LE03
Year3-AS-3926,AC9E3LE04
Year3-AS-3926,AC9E3LY01
Year3-AS-3926,AC9E3LY03
Year3-AS-3926,AC9E3LY04
Year3-AS-3926,AC9E3LY05
Year3-AS-5312,AC9E3LA02
Year3-AS-5312,AC9E3LA07
Year3-AS-5312,AC9E3LE01
Year3-AS-5312,AC9E3LE02
Year3-AS-5312,AC9E3LE03
Year3-AS-5312,AC9E3LE04
Year3-AS-5312,AC9E3LY02
Year3-AS-5312,AC9E3LY07
Year3-AS-1942,AC9E3LY06
Year3-AS-1942,AC9E3LY09
Year3-AS-1942,AC9E3LY11
Year3-AS-1942,AC9E3LY12
Year3-AS-4477,AC9E3LA02
Year3-AS-4477,AC9E3LA03
Year3-AS-4477,AC9E3LA09
Year3-AS-4477,AC9E3LA10
Year3-AS-4477,AC9E3LE05
Year3-AS-4477,AC9E3LY07
Year3-AS-994,AC9E3LA02
Year3-AS-994,AC9E3LA03
Year3-AS-994,AC9E3LA04
Year3-AS-994,AC9E3LA05
Year3-AS-994,AC9E3LA06
Year3-AS-994,AC9E3LA07
Year3-AS-994,AC9E3LA08
Year3-AS-994,AC9E3LA09
Year3-AS-994,AC9E3LA10
Year3-AS-994,AC9E3LA11
Year3-AS-994,AC9E3LE05
Year3-AS-994,AC9E3LY06
Year3-AS-3749,AC9E3LY08
Year4-AS-9767,AC9E3LA01
Year4-AS-9767,AC9E3LY02
Year4-AS-9767,AC9E4LA01
Year4-AS-9767,AC9E4LE04
Year4-AS-9767,AC9E4LE05
Year4-AS-9767,AC9E4LY02
Year4-AS-9767,AC9E4LY05
Year4-AS-9767,AC9E4LY07
Year4-AS-8934,AC9E4LA03
Year4-AS-8934,AC9E4LA04
Year4-AS-8934,AC9E4LA06
Year4-AS-8934,AC9E4LA07
Year4-AS-8934,AC9E4LA08
Year4-AS-8934,AC9E4LA10
Year4-AS-8934,AC9E4LE05
Year4-AS-8934,AC9E4LY06
Year4-AS-3318,AC9E4LA03
Year4-AS-3318,AC9E4LA04
Year4-AS-3318,AC9E4LA06
Year4-AS-3318,AC9E4LA07
Year4-AS-3318,AC9E4LA08
Year4-AS-3318,AC9E4LE01
Year4-AS-3318,AC9E4LE03
Year4-AS-3318,AC9E4LY01
Year4-AS-3318,AC9E4LY03
Year4-AS-4170,AC9E4LA02
Year4-AS-4170,AC9E4LA03
Year4-AS-4170,AC9E4LA06
Year4-AS-4170,AC9E4LA07
Year4-AS-4170,AC9E4LA08
Year4-AS-4170,AC9E4LA09
Year4-AS-4170,AC9E4LA10
Year4-AS-4170,AC9E4LA11
Year4-AS-4170,AC9E4LA12
Year4-AS-4170,AC9E4LE03
Year4-AS-4170,AC9E4LE04
Year4-AS-4170,AC9E4LY03
Year4-AS-2446,AC9E4LA03
Year4-AS-2446,AC9E4LA04
Year4-AS-2446,AC9E4LA05
Year4-AS-2446,AC9E4LY03
Year4-AS-5193,AC9E4LA12
Year4-AS-5193,AC9E4LY04
Year4-AS-5193,AC9E4LY09
Year4-AS-5193,AC9E4LY11
Year4-AS-1871,AC9E4LA05
Year4-AS-1871,AC9E4LA07
Year4-AS-1871,AC9E4LA10
Year4-AS-1871,AC9E4LA11
Year4-AS-1871,AC9E4LE01
Year4-AS-1871,AC9E4LE03
Year4-AS-1871,AC9E4LE04
Year4-AS-1871,AC9E4LY01
Year4-AS-1871,AC9E4LY03
Year4-AS-1871,AC9E4LY04
Year4-AS-1871,AC9E4LY05
Year4-AS-928,AC9E4LA02
Year4-AS-928,AC9E4LE02
Year4-AS-928,AC9E4LE03
Year4-AS-928,AC9E4LE04
Year4-AS-928,AC9E4LY02
Year4-AS-928,AC9E4LY07
Year4-AS-4250,AC9E4LA09
Year4-AS-4250,AC9E4LY06
Year4-AS-4250,AC9E4LY09
Year4-AS-4250,AC9E4LY10
Year4-AS-4250,AC9E4LY11
Year4-AS-5067,AC9E4LA03
Year4-AS-5067,AC9E4LA06
Year4-AS-5067,AC9E4LA07
Year4-AS-5067,AC9E4LA08
Year4-AS-5067,AC9E4LA09
Year4-AS-5067,AC9E4LA10
Year4-AS-5067,AC9E4LA11
Year4-AS-5067,AC9E4LA12
Year4-AS-5067,AC9E4LE05
Year4-AS-5067,AC9E4LY06
Year4-AS-5015,AC9E4LA02
Year4-AS-5015,AC9E4LA03
Year4-AS-5015,AC9E4LA11
Year4-AS-5015,AC9E4LE04
Year4-AS-5015,AC9E4LY07
Year4-AS-9414,AC9E4LA03
Year4-AS-9414,AC9E4LA04
Year4-AS-9414,AC9E4LE05
Year4-AS-9414,AC9E4LY06
Year4-AS-60,AC9E4LA03
Year4-AS-60,AC9E4LA04
Year4-AS-60,AC9E4LE05
Year4-AS-60,AC9E4LY07
Year4-AS-6723,AC9E4LY08
Year5-AS-5732,AC9E5LA02
Year5-AS-5732,AC9E5LA07
Year5-AS-5732,AC9E5LE02
Year5-AS-5732,AC9E5LE04
Year5-AS-5732,AC9E5LY02
Year5-AS-5732,AC9E5LY07
Year5-AS-4583,AC9E5LA01
Year5-AS-4583,AC9E5LA07
Year5-AS-4583,AC9E5LA08
Year5-AS-4583,AC9E5LE02
Year5-AS-4583,AC9E5LE05
Year5-AS-4583,AC9E5LY02
Year5-AS-4583,AC9E5LY05
Year5-AS-4583,AC9E5LY07
Year5-AS-3971,AC9E5LA02
Year5-AS-3971,AC9E5LA03
Year5-AS-3971,AC9E5LA04
Year5-AS-3971,AC9E5LA05
Year5-AS-3971,AC9E5LA06
Year5-AS-3971,AC9E5LA07
Year5-AS-3971,AC9E5LE02
Year5-AS-3971,AC9E5LE05
Year5-AS-3971,AC9E5LY06
Year5-AS-7048,AC9E5LA03
Year5-AS-7048,AC9E5LA04
Year5-AS-7048,AC9E5LY03
Year5-AS-7048,AC9E5LY04
Year5-AS-3623,AC9E5LA02
Year5-AS-3623,AC9E5LA03
Year5-AS-3623,AC9E5LA04
Year5-AS-3623,AC9E5LA05
Year5-AS-3623,AC9E5LA06
Year5-AS-3623,AC9E5LA07
Year5-AS-3623,AC9E5LE01
Year5-AS-3623,AC9E5LE03
Year5-AS-3623,AC9E5LY01
Year5-AS-3623,AC9E5LY03
Year5-AS-9228,AC9E5LA03
Year5-AS-9228,AC9E5LA05
Year5-AS-9228,AC9E5LA06
Year5-AS-9228,AC9E5LA07
Year5-AS-9228,AC9E5LA08
Year5-AS-9228,AC9E5LA09
Year5-AS-9228,AC9E5LE03
Year5-AS-9228,AC9E5LE04
Year5-AS-9228,AC9E5LY01
Year5-AS-9228,AC9E5LY03
Year5-AS-1871,AC9E5LA07
Year5-AS-1871,AC9E5LA08
Year5-AS-1871,AC9E5LE01
Year5-AS-1871,AC9E5LE03
Year5-AS-1871,AC9E5LE04
Year5-AS-1871,AC9E5LY04
Year5-AS-1871,AC9E5LY05
Year5-AS-1871,AC9E5LY08
Year5-AS-1765,AC9E5LY08
Year5-AS-1765,AC9E5LY09
Year5-AS-1765,AC9E5LY10
Year5-AS-1765,AC9E6LY09
Year5-AS-3608,AC9E5LA03
Year5-AS-3608,AC9E5LE05
Year5-AS-3608,AC9E5LY07
Year5-AS-1457,AC9E5LA03
Year5-AS-1457,AC9E5LA05
Year5-AS-1457,AC9E5LA06
Year5-AS-1457,AC9E5LA07
Year5-AS-1457,AC9E5LA08
Year5-AS-1457,AC9E5LA09
Year5-AS-1457,AC9E5LE05
Year5-AS-1457,AC9E5LY06
Year5-AS-8790,AC9E5LA03
Year5-AS-8790,AC9E5LA07
Year5-AS-8790,AC9E5LA08
Year5-AS-8790,AC9E5LE04
Year5-AS-8790,AC9E5LE05
Year5-AS-8790,AC9E5LY07
Year5-AS-5159,AC9E5LA03
Year5-AS-5159,AC9E5LA04
Year5-AS-5159,AC9E5LE05
Year5-AS-5159,AC9E5LY06
Year6-AS-7963,AC9E6LA02
Year6-AS-7963,AC9E6LA06
Year6-AS-7963,AC9E6LA07
Year6-AS-7963,AC9E6LE02
Year6-AS-7963,AC9E6LE03
Year6-AS-7963,AC9E6LE04
Year6-AS-7963,AC9E6LY02
Year6-AS-7963,AC9E6LY07
Year6-AS-4583,AC9E5LA01
Year6-AS-4583,AC9E6LA01
Year6-AS-4583,AC9E6LA07
Year6-AS-4583,AC9E6LA08
Year6-AS-4583,AC9E6LE04
Year6-AS-4583,AC9E6LE05
Year6-AS-4583,AC9E6LY02
Year6-AS-4583,AC9E6LY05
Year6-AS-4583,AC9E6LY07
Year6-AS-6237,AC9E6LA05
Year6-AS-6237,AC9E6LA06
Year6-AS-6237,AC9E6LA07
Year6-AS-6237,AC9E6LA08
Year6-AS-6237,AC9E6LA09
Year6-AS-6237,AC9E6LE05
Year6-AS-6237,AC9E6LY06
Year6-AS-3385,AC9E6LA02
Year6-AS-3385,AC9E6LA03
Year6-AS-3385,AC9E6LA05
Year6-AS-3385,AC9E6LA06
Year6-AS-3385,AC9E6LA07
Year6-AS-3385,AC9E6LA08
Year6-AS-3385,AC9E6LA09
Year6-AS-3385,AC9E6LE02
Year6-AS-3385,AC9E6LE03
Year6-AS-3385,AC9E6LE04
Year6-AS-3385,AC9E6LY01
Year6-AS-3385,AC9E6LY03
Year6-AS-71,AC9E6LA03
Year6-AS-71,AC9E6LA04
Year6-AS-71,AC9E6LE02
Year6-AS-71,AC9E6LE03
Year6-AS-71,AC9E6LY01
Year6-AS-71,AC9E6LY03
Year6-AS-71,AC9E6LY04
Year6-AS-3144,AC9E6LA03
Year6-AS-3144,AC9E6LA05
Year6-AS-3144,AC9E6LA06
Year6-AS-3144,AC9E6LA07
Year6-AS-3144,AC9E6LE01
Year6-AS-3144,AC9E6LE02
Year6-AS-3144,AC9E6LE03
Year6-AS-3144,AC9E6LY01
Year6-AS-3144,AC9E6LY03
Year6-AS-8515,AC9E6LA03
Year6-AS-8515,AC9E6LA07
Year6-AS-8515,AC9E6LA08
Year6-AS-8515,AC9E6LE01
Year6-AS-8515,AC9E6LE02
Year6-AS-8515,AC9E6LE03
Year6-AS-8515,AC9E6LE04
Year6-AS-8515,AC9E6LY01
Year6-AS-8515,AC9E6LY03
Year6-AS-8515,AC9E6LY04
Year6-AS-8515,AC9E6LY05
Year6-AS-8515,AC9E6LY08
Year6-AS-1765,AC9E5LY09
Year6-AS-1765,AC9E5LY10
Year6-AS-1765,AC9E6LY08
Year6-AS-1765,AC9E6LY09
Year6-AS-3548,AC9E6LA03
Year6-AS-3548,AC9E6LA05
Year6-AS-3548,AC9E6LA06
Year6-AS-3548,AC9E6LA07
Year6-AS-3548,AC9E6LA08
Year6-AS-3548,AC9E6LA09
Year6-AS-3548,AC9E6LE05
Year6-AS-3548,AC9E6LY06
Year6-AS-9842,AC9E6LA01
Year6-AS-9842,AC9E6LA02
Year6-AS-9842,AC9E6LA03
Year6-AS-9842,AC9E6LA07
Year6-AS-9842,AC9E6LA08
Year6-AS-9842,AC9E6LE04
Year6-AS-9842,AC9E6LE05
Year6-AS-9842,AC9E6LY07
Year6-AS-9142,AC9E6LA03
Year6-AS-9142,AC9E6LA04
Year6-AS-9142,AC9E6LE05
Year6-AS-9142,AC9E6LY07
Year6-AS-828,AC9E6LA03
Year6-AS-828,AC9E6LA04
Year6-AS-828,AC9E6LE05
Year6-AS-828,AC9E6LY06
